color00,mag00,color10,mag10,color01,mag01,color11,mag11
1.2897229743456062,10.203514832159769,1.2897229743456045,25.50351483215977,1.453132490040785,10.691539613165386,1.4531324900407867,25.991539613165386
1.27174285590492,10.026480910677105,1.2717428559049182,25.326480910677105,1.4362401852439017,10.515659536004401,1.4362401852439035,25.815659536004404
1.269936953524276,10.007407313233397,1.269936953524276,25.307407313233398,1.434442528334003,10.496614449710016,1.434442528334003,25.796614449710017
1.2681230829166363,9.988258155231991,1.2681230829166381,25.288258155231993,1.4326369374980565,10.47749392770562,1.4326369374980565,25.77749392770562
1.2663020060416095,9.969034272543485,1.2663020060416095,25.269034272543486,1.430824171488597,10.458298793956688,1.4308241714885988,25.75829879395669
1.264476907688504,9.94976221908742,1.264476907688504,25.249762219087422,1.4290074016621546,10.439055552609634,1.4290074016621546,25.739055552609635
1.2626455283369804,9.930426467561317,1.2626455283369786,25.230426467561315,1.427184377799012,10.419748711569527,1.4271843777990156,25.71974871156953
1.2608992278950755,9.911167230505116,1.2608992278950772,25.21116723050512,1.4254506677223393,10.4005209093541,1.425450667722341,25.7005209093541
1.2593596553037152,9.892252216235276,1.2593596553037116,25.192252216235275,1.4239329695906768,10.381642620087067,1.4239329695906768,25.681642620087068
1.257810977698096,9.873234838963798,1.2578109776980995,25.1732348389638,1.4224062934635633,10.36266218432813,1.4224062934635633,25.66266218432813
1.2562670585914084,9.854290588560811,1.2562670585914084,25.154290588560812,1.4208843156602757,10.343754764087514,1.4208843156602775,25.643754764087515
1.2547324283986256,9.835517540722053,1.2547324283986256,25.135517540722056,1.4193715039073975,10.325018327480363,1.4193715039073957,25.625018327480362
1.253197083770754,9.816763352835624,1.2531970837707576,25.116763352835626,1.4178579831373792,10.306300766493111,1.417857983137381,25.606300766493113
1.251679794619255,9.79831198792151,1.2516797946192568,25.098311987921512,1.4163622685565969,10.287885599887337,1.4163622685565969,25.587885599887336
1.250264253058349,9.781522203189358,1.2502642530583472,25.08152220318936,1.4149669053171667,10.27112960071988,1.414966905317165,25.57112960071988
1.2488654479278445,9.765037539276255,1.248865447927841,25.065037539276254,1.4135880305063733,10.254678320175412,1.413588030506375,25.554678320175412
1.2474855231390194,9.74884481635751,1.2474855231390194,25.04884481635751,1.412227761929648,10.238518528553215,1.4122277619296462,25.538518528553215
1.2461233003667171,9.732900748564713,1.246123300366719,25.032900748564714,1.4108849421062466,10.222606969284216,1.4108849421062502,25.52260696928422
1.2447801437158006,9.71718329194508,1.2447801437158006,25.01718329194508,1.4095609203041963,10.206921567196137,1.4095609203041946,25.506921567196137
1.2434545701349382,9.70165123454499,1.24345457013494,25.00165123454499,1.408254237600186,10.191421146599849,1.4082542376001825,25.491421146599848
1.242137282069864,9.686272438785792,1.2421372820698657,24.986272438785793,1.4069557215198483,10.176073789661642,1.4069557215198465,25.47607378966164
1.2408401728731153,9.671034981803103,1.240840172873117,24.971034981803104,1.4056771112405944,10.160867294113348,1.4056771112405926,25.46086729411335
1.2395610277888895,9.655925893819216,1.2395610277888913,24.955925893819217,1.4044162235916477,10.145788743042221,1.404416223591646,25.445788743042222
1.2382950507987438,9.640940923714908,1.2382950507987438,24.94094092371491,1.403168327207462,10.130833998719883,1.4031683272074602,25.430833998719883
1.237037459433612,9.62599816924303,1.237037459433612,24.92599816924303,1.4019287092387884,10.115921273465293,1.4019287092387884,25.415921273465294
1.2345500297834793,9.59916372600856,1.2345500297834775,24.89916372600856,1.399476730333479,10.089146197097229,1.399476730333479,25.38914619709723
1.2315535089347733,9.56744480796292,1.2315535089347733,24.86744480796292,1.3965228989689749,10.057498791389886,1.3965228989689749,25.357498791389887
1.2285591847233928,9.536061752244681,1.2285591847233945,24.83606175224468,1.3935712423420856,10.026187198315373,1.3935712423420838,25.326187198315374
1.2252029576482926,9.502631320882895,1.2252029576482926,24.802631320882895,1.3902628199654377,9.992836861028064,1.3902628199654359,25.292836861028064
1.2147449373489625,9.401958645924669,1.2147449373489607,24.70195864592467,1.3799533719053922,9.892413647079284,1.379953371905394,25.192413647079285
1.2042389199747614,9.301845052507085,1.2042389199747632,24.601845052507088,1.369596577921321,9.792550650649687,1.369596577921321,25.092550650649688
1.193388941809438,9.203992752363561,1.193388941809438,24.503992752363562,1.3589006039976752,9.694957121501876,1.3589006039976752,24.994957121501876
1.1823124661185078,9.108075425324122,1.182312466118507,24.40807542532412,1.3479813065022679,9.599303955511813,1.347981306502266,24.89930395551181
1.1712090919363805,9.012351214561452,1.1712090919363796,24.312351214561453,1.3370354859034137,9.503844545463824,1.3370354859034137,24.803844545463825
1.1593407757083245,8.918363170904058,1.1593407757083263,24.21836317090406,1.3253422654801668,9.410146160652989,1.3253422654801668,24.71014616065299
1.1467675233602428,8.826233312019589,1.1467675233602428,24.12623331201959,1.3129758059296694,9.318343571980263,1.3129758059296677,24.61834357198026
1.1341272000897078,8.734200817622517,1.1341272000897078,24.03420081762252,1.3005433215381554,9.226640054593481,1.3005433215381537,24.526640054593482
1.1213307264015366,8.64265681928491,1.1213307264015384,23.942656819284913,1.2879592852563064,9.13543089461348,1.2879592852563064,24.435430894613482
1.1081089125694925,8.554698062931772,1.1081089125694952,23.854698062931774,1.2750310848797843,9.047882325346235,1.2750310848797817,24.347882325346234
1.0947083588793873,8.466453643719124,1.0947083588793873,23.766453643719124,1.261928006542985,8.960053568249089,1.2619280065429876,24.26005356824909
1.0811540201760579,8.378000335210706,1.0811540201760579,23.678000335210704,1.2486744684478133,8.872020634144645,1.2486744684478097,24.172020634144644
1.0670502357525011,8.288557398717993,1.0670502357525038,23.588557398717995,1.2348832663685254,8.783014843671507,1.2348832663685236,24.083014843671506
1.049897611799091,8.195434774756231,1.0498976117990928,23.495434774756234,1.2181087742872219,8.690422255702048,1.2181087742872236,23.99042225570205
1.0319881399187514,8.1022921594749,1.0319881399187523,23.4022921594749,1.2005954211672867,8.597833193777186,1.2005954211672893,23.89783319377719
1.0138498576376067,8.008857472549856,1.0138498576376058,23.308857472549857,1.1828582282408782,8.504959074943626,1.1828582282408746,23.804959074943625
0.9954150558325754,7.915518791415421,0.9954150558325736,23.21551879141542,1.1648308340310525,8.412189973949433,1.1648308340310543,23.712189973949435
0.9775657362824575,7.830122790875995,0.9775657362824575,23.130122790875994,1.147836521105635,8.328329283469762,1.1478365211056314,23.62832928346976
0.9592845641828998,7.744154909598009,0.959284564182898,23.04415490959801,1.130455548230442,8.243986460902775,1.1304555482304401,23.543986460902776
0.9406880061286884,7.657519318187084,0.9406880061286884,22.957519318187085,1.1127604237554651,8.158971731699745,1.1127604237554678,23.458971731699748
0.92186472336122,7.5704698096456315,0.9218647233612209,22.870469809645634,1.0942802717432931,8.072277673625086,1.0942802717432905,23.372277673625085
0.902748802053229,7.483682439026521,0.9027488020532282,22.78368243902652,1.075138207812862,7.985015531000852,1.0751382078128628,23.28501553100085
0.8823887079630142,7.395647257095635,0.8823887079630168,22.695647257095636,1.0547482885269668,7.896471668164103,1.0547482885269694,23.196471668164104
0.8641498830618923,7.308397573481302,0.8641498830618914,22.6083975734813,1.036766211708585,7.809388481855187,1.036766211708585,23.109388481855188
0.847232414021045,7.221734093934593,0.8472324140210468,22.521734093934594,1.020282725064508,7.72330920256627,1.020282725064508,23.02330920256627
0.8299814022593521,7.134269219012815,0.829981402259353,22.434269219012815,1.0034741907365294,7.636440007886815,1.0034741907365294,22.936440007886816
0.811023568063896,7.043083840865185,0.8110235680638951,22.343083840865184,0.9850007048704823,7.545906105688851,0.9850007048704832,22.84590610568885
0.7899334731855729,6.950107577384328,0.7899334731855703,22.250107577384327,0.9644444882794705,7.453644873428038,0.9644444882794687,22.753644873428037
0.7708803788067558,6.85915042397124,0.7708803788067549,22.15915042397124,0.9458699924755738,7.36333389554193,0.9458699924755756,22.663333895541932
0.7542965475966019,6.770739699993483,0.7542965475965993,22.07073969999348,0.9296979280473456,7.275485886686414,0.9296979280473465,22.575485886686415
0.7387317386599497,6.683039506980454,0.7387317386599506,21.983039506980454,0.9144894299952568,7.188291451182597,0.9144894299952568,22.488291451182597
0.7239129550063472,6.598942449817132,0.7239129550063481,21.898942449817135,0.9000063690532496,7.104673303565181,0.9000063690532514,22.404673303565183
0.7089508120060559,6.514302080512773,0.7089508120060586,21.814302080512775,0.8853832761920479,7.020516534866871,0.8853832761920479,22.320516534866872
0.6956855892420748,6.433564332917182,0.6956855892420748,21.733564332917183,0.8723973476537932,6.940189009565498,0.8723973476537914,22.240189009565498
0.6828363699622848,6.35361578535924,0.6828363699622884,21.653615785359243,0.8598112631536852,6.8606313751922725,0.8598112631536878,22.160631375192274
0.6701721007113424,6.273765473347777,0.6701721007113406,21.573765473347777,0.8474066571519971,6.78116658132297,0.8474066571519963,22.08116658132297
0.6575754533407618,6.193963799557839,0.6575754533407618,21.49396379955784,0.8350738437518679,6.701752833874323,0.8350738437518679,22.001752833874324
0.6447581252883969,6.1135918161563465,0.6447581252883978,21.413591816156348,0.8225353763096832,6.62178390918345,0.8225353763096841,21.92178390918345
0.6335874846094436,6.037136807944418,0.6335874846094427,21.337136807944418,0.8115905608954064,6.545664733711924,0.8115905608954073,21.845664733711924
0.6302221336012845,6.014102526074367,0.6302221336012863,21.314102526074368,0.8082916507862308,6.5227303287328695,0.8082916507862308,21.82273032873287
0.6268641372700223,5.991110433571933,0.6268641372700223,21.291110433571934,0.8049992598836848,6.499837331963017,0.8049992598836866,21.79983733196302
0.6235570866121307,5.968240838582376,0.6235570866121307,21.268240838582376,0.8017568483001289,6.477065348890793,0.8017568483001298,21.777065348890794
0.6203590996807611,5.945580434646649,0.6203590996807584,21.245580434646648,0.7986214293381293,6.454499378753928,0.7986214293381266,21.754499378753927
0.6172207339363185,5.923126616972046,0.6172207339363176,21.223126616972046,0.795544492815135,6.432138253082943,0.7955444928151358,21.732138253082944
0.6140731751273627,5.900561843544167,0.6140731751273627,21.20056184354417,0.7924585534075907,6.409666450106328,0.7924585534075916,21.70966645010633
0.6109176159263177,5.877884313088366,0.6109176159263185,21.177884313088366,0.7893647815822389,6.387082134094775,0.7893647815822398,21.687082134094776
0.6077515361922661,5.855089909124877,0.6077515361922678,21.15508990912488,0.7862607052017321,6.364381262104574,0.7862607052017339,21.664381262104577
0.6045764675135965,5.832183459946907,0.6045764675135956,21.13218345994691,0.7831478264422111,6.341568617576703,0.7831478264422103,21.641568617576702
0.6013920117980964,5.809154359157937,0.6013920117980973,21.109154359157937,0.7800257559987056,6.318633606545861,0.7800257559987074,21.618633606545863
0.5981968854701112,5.785999040506871,0.5981968854701094,21.08599904050687,0.776893234790907,6.295572700245869,0.7768932347909079,21.59557270024587
0.5949934034615696,5.762723240195329,0.5949934034615687,21.06272324019533,0.7737525336219688,6.272391567307126,0.7737525336219697,21.57239156730713
0.5918136389776478,5.73942841768776,0.5918136389776478,21.03942841768776,0.7706350304731053,6.2491905973160815,0.7706350304731089,21.549190597316084
0.5888701171635145,5.71678021370473,0.5888701171635127,21.01678021370473,0.7677486719332087,6.226628387980798,0.7677486719332087,21.5266283879808
0.5859039621757445,5.693742921089141,0.5859039621757454,20.993742921089144,0.7648401480097471,6.203677770451401,0.7648401480097498,21.503677770451404
0.5829302073768288,5.670571046398085,0.5829302073768261,20.970571046398085,0.7619241860556247,6.180592802525019,0.7619241860556265,21.48059280252502
0.5799515730834743,5.647269550916388,0.5799515730834734,20.94726955091639,0.7590034551598874,6.157378367101436,0.7590034551598883,21.457378367101438
0.5772202968283917,5.625054350397796,0.5772202968283935,20.925054350397797,0.7563253667055081,6.135243060016865,0.7563253667055072,21.435243060016866
0.5746170471645424,5.603372924097564,0.5746170471645407,20.903372924097564,0.7537728689040266,6.113637821102216,0.7537728689040257,21.413637821102217
0.57202185571533,5.581616871774401,0.5720218557153309,20.8816168717744,0.751228291817017,6.09195773365891,0.7512282918170179,21.391957733658913
0.5694243908955858,5.559767901290351,0.569424390895584,20.85976790129035,0.7486814983772412,6.070184803222117,0.7486814983772412,21.370184803222116
0.5668280037021498,5.53784790357685,0.5668280037021489,20.83784790357685,0.746135774708863,6.048340822962858,0.7461357747088648,21.34834082296286
0.5642378813321169,5.515850329507817,0.5642378813321187,20.815850329507818,0.7435962121039372,6.0264190954965375,0.7435962121039381,21.32641909549654
0.5616509477308149,5.493772791126005,0.5616509477308149,20.793772791126006,0.7410597920215691,6.004417321220593,0.74105979202157,21.304417321220594
0.5590791425450448,5.471613785030389,0.5590791425450448,20.77161378503039,0.7385382317343172,5.982333654374786,0.7385382317343172,21.28233365437479
0.5565057189843294,5.449375549776686,0.5565057189843294,20.749375549776687,0.7360150963777228,5.960170813727997,0.7360150963777201,21.260170813727996
0.5539399937474627,5.42705420930254,0.5539399937474627,20.72705420930254,0.7334995294206612,5.937924656268217,0.7334995294206621,21.23792465626822
0.5513632984849863,5.404276834508526,0.5513632984849863,20.704276834508526,0.7309732501816528,5.915222815377445,0.7309732501816519,21.215222815377444
0.5487660096937992,5.380876826858092,0.5487660096938001,20.680876826858093,0.7284268327083527,5.891898980919124,0.728426832708351,21.191898980919124
0.5461892909370958,5.3574287868632355,0.5461892909370931,20.657428786863235,0.7259007907610435,5.868526699238683,0.7259007907610417,21.168526699238683
0.5436430033813062,5.333951809159572,0.5436430033813053,20.633951809159573,0.7234051880282149,5.845125145696149,0.7234051880282131,21.14512514569615
0.5412935767207276,5.310933055326567,0.5412935767207294,20.61093305532657,0.7211017986322039,5.822174948411734,0.7211017986322048,21.122174948411736
0.5389083701902617,5.287669033406925,0.5389083701902599,20.587669033406925,0.7187618013377195,5.798979340750765,0.7187618013377204,21.098979340750766
0.5365298854347289,5.264335102234129,0.536529885434728,20.56433510223413,0.716428412614099,5.775713639843199,0.7164284126140998,21.0757136398432
0.5341657659446346,5.240927025548224,0.5341657659446355,20.540927025548225,0.7141091370458543,5.752373393893988,0.7141091370458525,21.052373393893987
0.5318178080666858,5.217442874118462,0.531817808066684,20.517442874118462,0.7118057383974072,5.728956623057084,0.7118057383974055,21.028956623057084
0.5294835349264275,5.193878406144361,0.5294835349264275,20.49387840614436,0.7095157852828278,5.70545915567136,0.7095157852828287,21.00545915567136
0.5271731503354617,5.170268637982381,0.5271731503354609,20.470268637982382,0.7072492241203463,5.68191568051589,0.7072492241203463,20.98191568051589
0.524888931960195,5.146626056346391,0.524888931960195,20.446626056346393,0.7050082892594798,5.658338618945388,0.7050082892594816,20.95833861894539
0.5226156373893982,5.1228929653793855,0.5226156373893964,20.422892965379386,0.7027780880306729,5.634670745330223,0.7027780880306729,20.934670745330223
0.5203529593345717,5.099067958719717,0.5203529593345735,20.39906795871972,0.7005583188528677,5.610910662050113,0.7005583188528668,20.910910662050114
0.5181125628306384,5.075144541015977,0.5181125628306376,20.375144541015977,0.6983604340651031,5.58705154442516,0.6983604340651048,20.887051544425162
0.5158960968679924,5.051122248059862,0.5158960968679942,20.351122248059863,0.6961860525287058,5.563092881653443,0.6961860525287058,20.863092881653444
0.513694837168388,5.026996020048571,0.5136948371683872,20.326996020048572,0.6940266097990193,5.53902986071578,0.6940266097990175,20.83902986071578
0.5115065355218551,5.002766726349245,0.5115065355218569,20.302766726349248,0.691879898676742,5.514863414462156,0.691879898676742,20.814863414462156
0.5093282928280845,4.978432686675942,0.5093282928280836,20.27843268667594,0.6897430731741467,5.490591944613129,0.6897430731741458,20.79059194461313
0.507179095395335,4.9539874151248755,0.5071790953953332,20.253987415124875,0.6876347730615766,5.466208429021293,0.6876347730615784,20.766208429021294
0.5050487480405801,4.929422467263916,0.5050487480405792,20.229422467263916,0.6855449900917092,5.441704711743066,0.6855449900917101,20.74170471174307
0.5029091928723828,4.904713174220121,0.5029091928723837,20.20471317422012,0.6834461005890677,5.417056823049419,0.683446100589066,20.71705682304942
0.5007267434570206,4.879653572710533,0.5007267434570224,20.179653572710535,0.6813044811979241,5.39205909119639,0.6813044811979267,20.69205909119639
0.49856624535347205,4.854477557288585,0.49856624535347294,20.154477557288587,0.6791844270336878,5.366944336717877,0.679184427033686,20.666944336717876
0.4964621881018365,4.829247099803603,0.49646218810183385,20.129247099803603,0.6771194877705025,5.341773032331962,0.6771194877705007,20.64177303233196
0.49441239743689636,4.804172973738041,0.49441239743689636,20.10417297373804,0.6751076682609591,5.316756263058194,0.6751076682609565,20.616756263058193
0.4923876571117125,4.779127764573084,0.49238765711170984,20.079127764573084,0.6731204548206575,5.29176772091728,0.6731204548206584,20.591767720917282
0.4903843081146526,4.753961482478868,0.4903843081146526,20.05396148247887,0.671154262165186,5.266657521828853,0.6711542621651851,20.566657521828855
0.48842215565890434,4.728731831887929,0.4884221556589061,20.02873183188793,0.6692285124018849,5.241482879715548,0.6692285124018831,20.54148287971555
0.48652149549758494,4.703497611751015,0.48652149549758406,20.003497611751015,0.6673631085731708,5.216302091195947,0.6673631085731699,20.516302091195946
0.4846530102089348,4.678140111974678,0.4846530102089339,19.978140111974678,0.6655293198727001,5.190997135867592,0.6655293198727037,20.490997135867595
0.48280551381936654,4.652652574897695,0.48280551381936476,19.952652574897694,0.6637161591258174,5.165561566466122,0.6637161591258156,20.46556156646612
0.48098244462563855,4.627021602510263,0.48098244462563855,19.927021602510266,0.6619270045487191,5.139981890052605,0.6619270045487227,20.439981890052607
0.4791908104796505,4.601268358714549,0.4791908104796505,19.90126835871455,0.6601687382376822,5.114279075503963,0.6601687382376795,20.414279075503963
0.477432485626303,4.5754018303521,0.47743248562630214,19.8754018303521,0.6584432005360226,5.088462057376953,0.6584432005360235,20.388462057376955
0.475704820155463,4.549426690356391,0.4757048201554639,19.849426690356392,0.6567477881495485,5.062535581912993,0.6567477881495485,20.362535581912994
0.47397731289158784,4.5232147287931515,0.4739773128915914,19.823214728793154,0.6550525474931854,5.03637228812724,0.6550525474931845,20.33637228812724
0.47228443577505086,4.496894410330293,0.4722844357750482,19.796894410330292,0.6533913322863949,5.010099681525704,0.6533913322863967,20.310099681525706
0.4706284317440814,4.470447042206375,0.47062843174408187,19.770447042206378,0.6517663469187367,4.983699007722054,0.6517663469187376,20.283699007722056
0.46901645704077755,4.443862439357301,0.46901645704077666,19.7438624393573,0.6501846212841391,4.957159883465095,0.65018462128414,20.257159883465096
0.4674407497104829,4.417186242092261,0.46744074971048377,19.71718624209226,0.6486385278514764,4.930528162801687,0.6486385278514746,20.230528162801686
0.4659040808752031,4.390424799071792,0.46590408087520174,19.690424799071792,0.6471307880285568,4.903810117279636,0.6471307880285586,20.203810117279637
0.4644093575346373,4.363585208165955,0.46440935753463464,19.663585208165955,0.6456642566394173,4.87701276386404,0.6456642566394173,20.17701276386404
0.46296023709526324,4.3366631053788245,0.46296023709526324,19.636663105378826,0.6442425264009595,4.850131637215609,0.6442425264009586,20.15013163721561
0.461560924706212,4.309640915004749,0.46156092470621246,19.60964091500475,0.6428697289134879,4.82314904549532,0.6428697289134888,20.12314904549532
0.4602162539172938,4.282574910672598,0.4602162539172916,19.582574910672598,0.6415506081661233,4.796121126497067,0.6415506081661206,20.096121126497067
0.4588883626912512,4.2554403331398065,0.4588883626912512,19.555440333139806,0.6402479761794586,4.769024172148559,0.6402479761794595,20.06902417214856
0.45751240654207326,4.228165429369191,0.4575124065420759,19.528165429369192,0.6388981448043598,4.741788230594336,0.638898144804358,20.041788230594335
0.45600554623817535,4.200687194223967,0.456005546238174,19.500687194223968,0.6374197502597472,4.714352596887728,0.637419750259749,20.01435259688773
0.45446678181440436,4.173268059404951,0.4544667818144035,19.47326805940495,0.6359100176967187,4.686976948384552,0.6359100176967161,19.98697694838455
0.4530764101261351,4.146109897123892,0.45307641012613686,19.446109897123893,0.6345460325435033,4.659858150934879,0.6345460325435006,19.959858150934878
0.4519510336681707,4.119295467890242,0.45195103366817335,19.419295467890244,0.6334447769927731,4.6330811516416945,0.6334447769927714,19.933081151641694
0.45103030446311543,4.092643195262288,0.45103030446311365,19.392643195262288,0.6325814209163378,4.60654217045141,0.6325814209163383,19.90654217045141
0.4502890079853321,4.066086717299798,0.45028900798532945,19.366086717299797,0.631885480297175,4.580074485001541,0.6318854802971785,19.880074485001543
0.449583614367449,4.0390988963437415,0.4495836143674481,19.339098896343742,0.6312229667256721,4.553170348284042,0.6312229667256695,19.853170348284042
0.448920555815135,4.012155110073895,0.44892055581513546,19.312155110073896,0.6305999535547948,4.5263044679559306,0.6305999535547961,19.826304467955932
0.44839602198241213,3.985327206140715,0.44839602198241124,19.285327206140714,0.6301061958361016,4.4995355802887875,0.6301061958361025,19.79953558028879
0.44799326941950124,3.9584348306646007,0.4479932694195021,19.2584348306646,0.6297260419170292,4.472685531884406,0.6297260419170279,19.772685531884406
0.44771159468065935,3.9315516201868155,0.44771159468065846,19.231551620186817,0.6294588469505955,4.445828088574044,0.6294588469505946,19.745828088574044
0.44764639374787984,3.90492344394237,0.4476463937478776,19.20492344394237,0.6293936552925907,4.419196202888432,0.6293936552925921,19.719196202888433
0.44779352304096687,3.8785538999494062,0.44779352304096776,19.178553899949407,0.6295266009085028,4.392794038692154,0.6295266009085054,19.692794038692156
0.44811068832957224,3.8524183301416186,0.4481106883295709,19.152418330141618,0.6298182198891467,4.3666027059837,0.6298182198891453,19.6666027059837
0.4486062707337468,3.826573293206682,0.44860627073374815,19.126573293206683,0.6302763410296173,4.340677645148873,0.6302763410296173,19.640677645148873
0.4492834424259038,3.8010663035439376,0.44928344242590157,19.101066303543938,0.6309039318276453,4.315065959982873,0.6309039318276461,19.615065959982875
0.4501463416136371,3.7759452401310303,0.4501463416136353,19.07594524013103,0.6317048610528113,4.289814986774783,0.6317048610528104,19.589814986774783
0.4511636735475584,3.7511877731099785,0.4511636735475584,19.05118777310998,0.632692570580375,4.265000920763644,0.6326925705803745,19.565000920763644
0.4523576549707622,3.7268964355635568,0.4523576549707613,19.026896435563557,0.6338669491849158,4.24067720750241,0.6338669491849167,19.540677207502412
0.45374015098645826,3.7031159685447745,0.4537401509864587,19.003115968544776,0.635226467886981,4.21685912241867,0.6352264678869837,19.516859122418673
0.4553116840107947,3.679880068591718,0.4553116840107947,18.97988006859172,0.6367716376446073,4.193580346538033,0.6367716376446069,19.49358034653803
0.4572043642419903,3.6575742336868537,0.45720436424199207,18.957574233686856,0.6386320286951443,4.171223073076752,0.6386320286951452,19.471223073076754
0.45932024540874217,3.6359602650433636,0.4593202454087404,18.935960265043363,0.6407115879207832,4.149551523886079,0.6407115879207836,19.44955152388608
0.46164973112115204,3.615041378688208,0.4616497311211525,18.91504137868821,0.643000906609835,4.128569143203493,0.643000906609835,19.428569143203493
0.46419881624603887,3.5948626125898633,0.4641988162460393,18.894862612589865,0.6455058702301857,4.108320802185217,0.6455058702301848,19.408320802185216
0.46706837574356763,3.575575110364383,0.46706837574356896,18.875575110364384,0.6483255480321604,4.08895485739165,0.6483255480321617,19.388954857391653
0.4709217792379543,3.5522115491642627,0.47092177923795475,18.852211549164263,0.6521119463515839,4.065485678830733,0.6521119463515852,19.365485678830733
0.4750622367508761,3.529996029952592,0.4750622367508761,18.829996029952593,0.6561803595003388,4.043156388829618,0.6561803595003397,19.34315638882962
0.4794903078672257,3.509081266255698,0.479490307867227,18.8090812662557,0.6605311886726604,4.0221198802476055,0.6605311886726604,19.322119880247605
0.4841748630167788,3.489456539267678,0.48417486301677926,18.78945653926768,0.6651338590252944,4.002366294464517,0.6651338590252962,19.30236629446452
0.48924239478547715,3.471429285146781,0.4892423947854745,18.77142928514678,0.6701120950371067,3.9841997812506302,0.6701120950371084,19.28419978125063
0.4947933148931689,3.4552082392058843,0.4947933148931689,18.755208239205885,0.6755638623017184,3.9678258684280556,0.6755638623017184,19.267825868428055
0.5004077624503158,3.439835994972327,0.5004077624503154,18.739835994972328,0.6810779221257057,3.952296801372905,0.6810779221257057,19.252296801372907
0.5062364201261644,3.425668866234507,0.5062364201261644,18.725668866234507,0.6868022602236716,3.9379668201262774,0.6868022602236721,19.237966820126278
0.5121851752074411,3.412574596008906,0.512185175207442,18.712574596008906,0.6926444710041086,3.924706307568223,0.6926444710041082,19.224706307568223
0.5181026749548661,3.4002555061665403,0.5181026749548678,18.700255506166542,0.6984559510819452,3.912221832817336,0.6984559510819466,19.212221832817338
0.5241198111358596,3.3889019837533576,0.5241198111358578,18.688901983753357,0.7043652190613185,3.9007001119033617,0.7043652190613194,19.200700111903362
0.5306054090520176,3.379264935656705,0.5306054090520149,18.679264935656704,0.7107338900542781,3.8908828717055424,0.7107338900542786,19.190882871705544
0.5372356909422984,3.370415926580923,0.5372356909422962,18.670415926580922,0.7172445543897945,3.8818496968100016,0.7172445543897936,19.18184969681
0.5441420809482431,3.362477177807848,0.5441420809482409,18.662477177807848,0.724024889440289,3.873716692491873,0.7240248894402868,19.173716692491872
0.55120700951935,3.354974804593758,0.5512070095193522,18.65497480459376,0.7309600541556707,3.866014237274588,0.7309600541556698,19.166014237274588
0.5582945486903972,3.3473327411147884,0.5582945486903945,18.647332741114788,0.7379174322921056,3.858171461767955,0.7379174322921074,19.158171461767957
0.5653221531232155,3.3390714768610925,0.5653221531232155,18.639071476861094,0.7448160469422622,3.8497110802341816,0.7448160469422618,19.149711080234184
0.5721424676635638,3.3295927555860163,0.5721424676635642,18.629592755586017,0.751511335025786,3.840038742595037,0.7515113350257856,19.14003874259504
0.5788451218790791,3.318723754798048,0.5788451218790769,18.618723754798047,0.7580912223546217,3.8289795314264454,0.7580912223546221,19.128979531426445
0.5853582163546984,3.305869568139313,0.5853582163546953,18.605869568139312,0.76448516797393,3.8159406073853575,0.7644851679739304,19.115940607385358
0.5918333779265263,3.2915248001487183,0.5918333779265268,18.59152480014872,0.7708412674885232,3.8014110592798356,0.7708412674885246,19.101411059279837
0.5982811944764803,3.2756761559011016,0.5982811944764812,18.575676155901103,0.7771696592113542,3.78537686645694,0.7771696592113528,19.08537686645694
0.6043170600219216,3.257124090181685,0.6043170600219199,18.557124090181684,0.7830939567235227,3.7666512509363415,0.7830939567235227,19.066651250936342
0.6100081585886432,3.2360821151356918,0.6100081585886414,18.53608211513569,0.7886811696831568,3.7454471536656664,0.788681169683155,19.045447153665666
0.6151307939423525,3.2119965354208695,0.6151307939423525,18.51199653542087,0.7937108986719617,3.7212162115290472,0.7937108986719608,19.021216211529048
0.6197430297133315,3.185630691314128,0.6197430297133302,18.485630691314128,0.798239802532728,3.6947197134296244,0.7982398025327271,18.994719713429625
0.6238731297971856,3.157318975726339,0.6238731297971825,18.457318975726338,0.8022955998376333,3.666291227063632,0.8022955998376311,18.966291227063632
0.627569409397196,3.12739392037902,0.6275694093971964,18.42739392037902,0.8059256909872943,3.6362618858279805,0.8059256909872943,18.93626188582798
0.6307960752430657,3.09587090203789,0.6307960752430688,18.395870902037892,0.8090949408927308,3.604648088566913,0.8090949408927344,18.904648088566915
0.633619558506382,3.063106922384498,0.633619558506382,18.3631069223845,0.811868530430353,3.5718049196565187,0.8118685304303526,18.87180491965652
0.6361736755402649,3.0295585084797714,0.6361736755402632,18.32955850847977,0.8143777764477549,3.5381850575051503,0.8143777764477527,18.83818505750515
0.6385171793212909,2.995373424323544,0.6385171793212905,18.295373424323543,0.816680110810561,3.503934411339832,0.8166801108105588,18.80393441133983
0.6407673264229099,2.9605609423769113,0.6407673264229103,18.260560942376912,0.8188894542303986,3.4690580359061296,0.8188894542303977,18.76905803590613
0.642902699483574,2.92544254269028,0.6429026994835745,18.22544254269028,0.8209861444214472,3.4338789806922576,0.8209861444214468,18.733878980692257
0.6450910644634997,2.890554908905214,0.6450910644634966,18.190554908905213,0.823134727133696,3.3989288783503975,0.8231347271336951,18.698928878350397
0.6471016708687851,2.8552108790300244,0.6471016708687856,18.155210879030026,0.8251088823383337,3.3635275212188374,0.8251088823383341,18.66352752121884
0.6489644305755173,2.8194903227840538,0.6489644305755142,18.119490322784053,0.8269379612809868,3.327753913807841,0.8269379612809864,18.62775391380784
0.6507397859095851,2.7835485750369973,0.650739785909586,18.083548575037,0.8286812737275455,3.2917616428749112,0.8286812737275433,18.59176164287491
0.6524136748101279,2.747345278283717,0.652413674810127,18.047345278283718,0.8303250211796689,3.2555107576644824,0.830325021179668,18.555510757664482
0.6539971855559141,2.710904014171871,0.6539971855559124,18.01090401417187,0.8318800842828749,3.2190245192216422,0.8318800842828722,18.51902451922164
0.6555208079971084,2.674317542695271,0.6555208079971067,17.97431754269527,0.8333763811288444,3.182394805414342,0.833376381128847,18.482394805414344
0.6569867697328129,2.6375673389493444,0.6569867697328142,17.937567338949346,0.8348160983224591,3.1456030274137574,0.8348160983224595,18.445603027413757
0.6583736883370364,2.6006460321234472,0.6583736883370364,17.900646032123447,0.8361782525989105,3.1086424318218833,0.8361782525989128,18.408642431821885
0.6597215610012639,2.5636242024412077,0.6597215610012626,17.86362420244121,0.8375020927526098,3.0715824427808815,0.8375020927526116,18.371582442780884
0.6610533488006647,2.5265128501602425,0.6610533488006638,17.826512850160242,0.8388101511715771,3.0344333975147775,0.8388101511715789,18.33443339751478
0.6623330686801183,2.489271626499034,0.6623330686801161,17.789271626499033,0.8400671173991032,2.9971559868347084,0.840067117399105,18.29715598683471
0.6635871751981102,2.4519616205636363,0.66358717519811,17.751961620563637,0.8412989505296906,2.959810534888468,0.8412989505296906,18.25981053488847
0.6648134587827279,2.414582398937389,0.6648134587827244,17.714582398937388,0.8425034822708906,2.922396672081678,0.8425034822708923,18.22239667208168
0.6660151234641982,2.377131092722475,0.6660151234641987,17.677131092722476,0.8436838570238621,2.884911437123993,0.8436838570238621,18.184911437123993
0.6671898177148037,2.339597653425124,0.667189817714803,17.639597653425124,0.8448377676418319,2.847344849746799,0.8448377676418346,18.1473448497468
0.668359466048833,2.302018023865402,0.6683594660488303,17.6020180238654,0.8459867284688309,2.8097322191060417,0.84598672846883,18.109732219106043
0.6695236888386642,2.264398800459711,0.669523688838666,17.564398800459713,0.8471303666778034,2.7720801523871086,0.8471303666778027,18.07208015238711
0.6706970145314934,2.226753794256601,0.6706970145314948,17.526753794256603,0.8482829392422568,2.7344020409574936,0.8482829392422566,18.034402040957495
0.6718611676378607,2.1890688623589343,0.6718611676378607,17.489068862358934,0.84942651202744,2.6966842697505102,0.8494265120274385,17.99668426975051
0.673008767738734,2.1513674089337194,0.6730087677387324,17.45136740893372,0.850553841445072,2.658950455405011,0.8505538414450733,17.958950455405013
0.6741621638328015,2.113648672386626,0.6741621638328041,17.41364867238663,0.8516868596158846,2.6211991912245507,0.8516868596158851,17.921199191224552
0.6753101785925557,2.075902462934709,0.6753101785925573,17.37590246293471,0.8528145980251947,2.5834206102750286,0.8528145980251942,17.883420610275028
0.6764634015071911,2.0381615851519688,0.676463401507192,17.33816158515197,0.8539474475530691,2.545647210737013,0.8539474475530682,17.845647210737013
0.6776183766876789,2.0004013586955107,0.6776183766876755,17.30040135869551,0.8550820175672469,2.507854412555912,0.8550820175672449,17.807854412555912
0.6787668011307697,1.9626388864087945,0.6787668011307701,17.262638886408794,0.8562101593592746,2.470059557849009,0.856210159359275,17.77005955784901
0.6799658628929941,1.9249061004109376,0.6799658628929919,17.224906100410937,0.8573879932306125,2.4322929273193408,0.8573879932306134,17.732292927319342
0.68138872984368,1.8873143800773262,0.6813887298436825,17.18731438007733,0.8587842130546357,2.3946599540609874,0.858784213054637,17.694659954060988
0.6828845991780659,1.849791257245732,0.6828845991780632,17.14979125724573,0.8602519037272254,2.3570933418282385,0.860251903727228,17.65709334182824
0.6843817730796646,1.8122643223508368,0.6843817730796644,17.11226432235084,0.861720874424031,2.3195228796774123,0.8617208744240301,17.61952287967741
0.685923588710438,1.7747844722004056,0.6859235887104376,17.074784472200406,0.8632336479570197,2.281998209080131,0.8632336479570206,17.581998209080133
0.6874666628358175,1.737297954100231,0.687466662835817,17.037297954100232,0.8647476563014322,2.2444668339993714,0.8647476563014322,17.544466833999373
0.689019989118081,1.6998180829848828,0.6890199891180835,16.999818082984884,0.8662717241244637,2.206941808864312,0.8662717241244628,17.506941808864312
0.6906727224876293,1.6624619224814736,0.6906727224876299,16.962461922481474,0.8678923012450084,2.1695370991857175,0.867892301245007,17.469537099185718
0.6923644750354064,1.6251503808111267,0.6923644750354079,16.92515038081113,0.8695507953333945,2.1321756932808267,0.8695507953333923,17.432175693280826
0.6940695972960526,1.5878554600433537,0.6940695972960533,16.887855460043355,0.8712224020904988,2.094830518059369,0.8712224020904991,17.39483051805937
0.695801129709843,1.5505846298408028,0.6958011297098423,16.850584629840803,0.8729199112490349,2.0575086625792838,0.8729199112490349,17.357508662579285
0.6975384256687963,1.5133189681936852,0.697538425668796,16.813318968193684,0.8746230729780586,2.0201918073250913,0.8746230729780571,17.32019180732509
0.6992858237792766,1.4760666593053848,0.6992858237792774,16.776066659305386,0.8763361425942562,1.9828880099524047,0.8763361425942549,17.282888009952405
0.7010403157799694,1.4388195491807665,0.7010403157799701,16.738819549180768,0.8780561695300786,1.9455892041727836,0.8780561695300797,17.245589204172784
0.7028043523590721,1.4015828496099179,0.7028043523590739,16.70158284960992,0.879785557440137,1.9083005303037437,0.8797855574401368,17.208300530303745
0.7046961262645209,1.364814191458555,0.7046961262645226,16.664814191458557,0.8816404572101044,1.8714760388544038,0.8816404572101035,17.171476038854404
0.7066288103730252,1.3281931624979841,0.7066288103730258,16.628193162497986,0.8835355531239919,1.834797941241066,0.8835355531239948,17.134797941241068
0.7085629454711526,1.2915696219372426,0.7085629454711526,16.591569621937243,0.8854320720677971,1.7981172893517678,0.8854320720677968,17.09811728935177
0.7105230599265373,1.254987003133117,0.7105230599265369,16.554987003133117,0.8873540752813248,1.7614767987187498,0.8873540752813263,17.06147679871875
0.7124704396815003,1.2183836995224957,0.7124704396814998,16.518383699522495,0.8892635861428029,1.7248159958465208,0.8892635861427998,17.02481599584652
0.7144193423956915,1.1817810709173393,0.7144193423956899,16.48178107091734,0.8911745906999158,1.6881558232411962,0.8911745906999151,16.988155823241197
0.7163681876981381,1.1451777411244604,0.7163681876981371,16.44517774112446,0.8930855387100771,1.6514949509795582,0.8930855387100749,16.95149495097956
0.7183231310283841,1.1085827565038784,0.7183231310283844,16.40858275650388,0.8950024683444555,1.614842245255033,0.8950024683444546,16.914842245255034
0.7202629696254794,1.0719676330248782,0.7202629696254803,16.37196763302488,0.8969045808431665,1.578169842672281,0.8969045808431666,16.878169842672282
0.7222109831973289,1.0353632591925699,0.7222109831973267,16.33536325919257,0.8988147123306841,1.5415079503006908,0.8988147123306849,16.84150795030069
0.7241680372968337,0.9987754634160079,0.7241680372968311,16.298775463416007,0.9007337119686247,1.5048623712791338,0.9007337119686252,16.804862371279135
0.7261249129870075,0.9621847284305695,0.7261249129870055,16.26218472843057,0.9026525363256999,1.468213858094658,0.9026525363256983,16.768213858094658
0.7280789877522258,0.925592144980856,0.7280789877522267,16.225592144980858,0.904568612954419,1.4315635783206266,0.9045686129544208,16.73156357832063
0.7300771476598478,0.8890673018914359,0.7300771476598484,16.189067301891438,0.9065279346706328,1.3949797484393376,0.9065279346706312,16.694979748439337
0.7322802126572855,0.852764437946078,0.7322802126572849,16.15276443794608,0.908686836379506,1.3586108890281845,0.9086868363795055,16.658610889028186
0.7346136880173788,0.8166101100925467,0.7346136880173795,16.116610110092548,0.9109728119016385,1.322386142491053,0.9109728119016367,16.622386142491052
0.7369912956995586,0.7805263915393452,0.7369912956995606,16.080526391539347,0.9133020722227729,1.2862307087332159,0.9133020722227752,16.58623070873322
0.7393932844380149,0.7444866655694083,0.7393932844380142,16.04448666556941,0.9156552452599924,1.2501185512055923,0.9156552452599929,16.550118551205593
0.7418084517878568,0.7084709423578002,0.7418084517878558,16.0084709423578,0.9180213432908405,1.2140300089038796,0.9180213432908406,16.51403000890388
0.744236590645321,0.6724777358842795,0.7442365906453201,15.97247773588428,0.9204001630843012,1.1779636018195891,0.9204001630843006,16.47796360181959
0.7466739629411685,0.6365033311386422,0.7466739629411698,15.936503331138644,0.9227880384321707,1.141915724811481,0.9227880384321683,16.44191572481148
0.7491200240678296,0.6005475063239681,0.74912002406783,15.900547506323969,0.9251844352050533,1.1058861720956443,0.925184435205054,16.405886172095645
0.7515851991589678,0.5646254471734656,0.751585199158967,15.864625447173466,0.9275994770491626,1.0698897579638365,0.9275994770491618,16.369889757963836
0.754163684801414,0.5288599766607104,0.7541636848014139,15.828859976660711,0.930123274921289,1.0340450730063386,0.9301232749212893,16.33404507300634
0.7567472875164585,0.4931070166141267,0.7567472875164594,15.793107016614128,0.9326520877336922,0.9982127456653378,0.9326520877336932,16.29821274566534
0.7593360308357319,0.4573702206983362,0.7593360308357333,15.757370220698338,0.9351859389042435,0.9623964291447686,0.9351859389042421,16.26239642914477
0.7619242170713607,0.4216417629936623,0.7619242170713605,15.721641762993663,0.9377192434198063,0.9265884670059513,0.9377192434198083,16.226588467005953
0.7645093430941672,0.3859181598444559,0.7645093430941667,15.685918159844457,0.9402495476539576,0.8907854500516634,0.9402495476539574,16.190785450051663
0.7670926705992323,0.35020670602813647,0.7670926705992329,15.650206706028138,0.9427780889030604,0.8549946359051142,0.9427780889030615,16.154994635905116
0.7696761848265583,0.31452110043487363,0.7696761848265581,15.614521100434875,0.9453068142240314,0.819229665136687,0.9453068142240291,16.119229665136686
0.7722317842805904,0.27885332806936897,0.7722317842805904,15.57885332806937,0.9478081809374642,0.783483360752147,0.9478081809374643,16.083483360752147
0.7743704479092783,0.2470318199774466,0.7743704479092788,15.547031819977448,0.9499012740870436,0.7515960065205024,0.9499012740870416,16.0515960065205
0.7767523564945944,0.21570410754814676,0.776752356494594,15.515704107548148,0.9522336228684813,0.7201955431305607,0.9522336228684818,16.020195543130562
0.7794898427313016,0.18104508186164167,0.7794898427313015,15.481045081861643,0.9549144376436558,0.6854530555609766,0.9549144376436569,15.985453055560978
0.7801737206383281,0.16117117449872176,0.780173720638329,15.461171174498723,0.9555830925205859,0.665557577543694,0.9555830925205857,15.965557577543695
0.777835197026429,0.17517509519505897,0.7778351970264286,15.475175095195059,0.953291499049608,0.6796317944707326,0.9532914990496089,15.979631794470734
0.780576544747643,0.14051995858413113,0.7805765447476425,15.440519958584131,0.9559760995769029,0.6448930810906167,0.9559760995769029,15.944893081090617
0.7831776827993848,0.10816918303137069,0.7831776827993853,15.408169183031372,0.9585234422736288,0.612463036825355,0.9585234422736288,15.912463036825356
0.7852992692014039,0.08147328808735707,0.7852992692014045,15.381473288087358,0.9606011205891577,0.5857024666644338,0.9606011205891587,15.885702466664435
0.7879537770450284,0.04903826006416412,0.7879537770450273,15.349038260064164,0.9632007818448238,0.5531865790180569,0.963200781844824,15.853186579018058
0.7908726684876449,0.014353544822142378,0.7908726684876459,15.314353544822144,0.9660594556831648,0.5184130126179227,0.9660594556831654,15.818413012617924
0.793796170978235,-0.020321589901477144,0.7937961709782346,15.279678410098523,0.9689226500332919,0.48364888947946927,0.9689226500332904,15.783648889479469
0.7967389989650628,-0.05495490392940683,0.7967389989650631,15.245045096070594,0.9718047955864009,0.44892601526143294,0.9718047955864009,15.748926015261434
0.7996749953655069,-0.0895977169704841,0.7996749953655069,15.210402283029516,0.9746802402358277,0.41419384305128615,0.9746802402358288,15.714193843051287
0.8029621070987933,-0.12375127980651368,0.8029621070987929,15.176248720193486,0.9778972933697373,0.3799386741854597,0.9778972933697379,15.679938674185461
0.8063396229233287,-0.15778930398744018,0.8063396229233284,15.14221069601256,0.9812020841904869,0.34579574059748097,0.9812020841904872,15.645795740597482
0.8097354822736582,-0.1917860092854055,0.8097354822736591,15.108213990714596,0.9845248585531602,0.3116935799405369,0.9845248585531596,15.611693579940537
0.813177274186369,-0.22568727329785052,0.8131772741863692,15.07431272670215,0.9878926678690205,0.2776854960795212,0.9878926678690192,15.577685496079521
0.816629528205102,-0.2595619822709342,0.8166295282051017,15.040438017729066,0.9912707328175744,0.2437036550889614,0.9912707328175738,15.543703655088962
0.8200880114844505,-0.2934184368364511,0.8200880114844509,15.00658156316355,0.994654902986634,0.20973988188580273,0.9946549029866336,15.509739881885803
0.823551118256258,-0.3272597295282329,0.8235511182562583,14.972740270471768,0.998043603867691,0.17579113155599946,0.998043603867691,15.475791131556
0.8270169506056004,-0.36108919412741747,0.8270169506056,14.938910805872583,1.0014349745852247,0.14185412666491493,1.0014349745852247,15.441854126664916
0.8304843443239813,-0.394909427947528,0.8304843443239811,14.905090572052472,1.0048278735486895,0.10792630439297468,1.0048278735486882,15.407926304392975
0.8340145461483072,-0.4285771419324872,0.8340145461483068,14.871422858067513,1.0082789360991005,0.07414658521499484,1.0082789360991011,15.374146585214996
0.8375474965232669,-0.46223152985751403,0.8375474965232677,14.837768470142487,1.01173244916901,0.04037992823106684,1.0117324491690098,15.340379928231068
0.8410776048286575,-0.4958851636350192,0.8410776048286568,14.804114836364981,1.0151831742621706,0.006614108929148488,1.0151831742621713,15.30661410892915
0.8446036441190492,-0.529540587988709,0.844603644119049,14.770459412011292,1.0186299091426054,-0.027153380413998618,1.0186299091426054,15.272846619586002
0.8481259304027261,-0.5631973512386742,0.8481259304027269,14.736802648761326,1.022072963390702,-0.060922097692288735,1.022072963390702,15.239077902307711
0.8516417768190125,-0.5968602115047508,0.8516417768190117,14.70313978849525,1.0255097044559336,-0.0946967198611991,1.0255097044559331,15.205303280138802
0.8551497124761077,-0.6305326605304061,0.8551497124761074,14.669467339469595,1.0289386909951728,-0.12848069435801912,1.0289386909951723,15.171519305641981
0.8586504974571699,-0.6642130845735835,0.8586504974571696,14.635786915426417,1.0323606677983834,-0.16227243035243633,1.0323606677983843,15.137727569647565
0.8626132564560546,-0.6967418577420564,0.8626132564560542,14.603258142257944,1.036235733052778,-0.19492652322585058,1.0362357330527772,15.10507347677415
0.8667468842724184,-0.7288375418086035,0.866746884272418,14.571162458191397,1.040278384925027,-0.22715271037661,1.0402783849250277,15.072847289623391
0.8708658884386544,-0.7609572196665635,0.8708658884386544,14.539042780333437,1.0443067025409971,-0.25940245191723144,1.0443067025409967,15.040597548082768
0.8749705284775355,-0.7931008042902952,0.8749705284775349,14.506899195709705,1.0483209401646059,-0.2916756687045201,1.0483209401646043,15.00832433129548
0.8790397031993513,-0.8252522940225386,0.8790397031993518,14.474747705977462,1.052301267255109,-0.32395505376551903,1.0523012672551086,14.976044946234481
0.8829941253958202,-0.8573575766913335,0.88299412539582,14.442642423308667,1.0561731114136044,-0.3561816371410902,1.0561731114136048,14.943818362858911
0.8869558081372764,-0.8894392267577946,0.8869558081372766,14.410560773242207,1.0600520741308175,-0.3883848042898874,1.060052074130816,14.911615195710112
0.8909223969262651,-0.9215024540994857,0.8909223969262658,14.378497545900515,1.0639358461592807,-0.4205696954445488,1.0639358461592803,14.879430304555452
0.8948770716986509,-0.9535845459140466,0.8948770716986498,14.346415454085953,1.0678079310746786,-0.45277310002114546,1.0678079310746789,14.847226899978855
0.8991183377421752,-0.9852151076187856,0.8991183377421752,14.314784892381216,1.0719576995140365,-0.4845359319475049,1.0719576995140372,14.815464068052496
0.9037242818220554,-1.0163375043112202,0.9037242818220559,14.28366249568878,1.0764596298588107,-0.5158054039115034,1.0764596298588103,14.784194596088497
0.9083412120011238,-1.047425845571891,0.9083412120011243,14.25257415442811,1.0809723253428896,-0.5470411523637714,1.0809723253428896,14.75295884763623
0.9129713924660467,-1.0784759959393115,0.9129713924660479,14.22152400406069,1.0854980054039916,-0.5782391097003334,1.0854980054039913,14.721760890299667
0.9176439949162625,-1.109422740654508,0.9176439949162614,14.190577259345492,1.0900652700918876,-0.6093349320298113,1.0900652700918858,14.690665067970189
0.9223174972425174,-1.1403581698642964,0.922317497242517,14.159641830135705,1.0946334107565165,-0.640419470078424,1.0946334107565168,14.659580529921577
